,Actual,Prediction,Difference
0,12.36,12.52,-0.16020454406738338
1,12.36,12.58,-0.21636833190918026
2,12.36,12.62,-0.26461757659912166
3,12.36,12.66,-0.29847778320312557
4,12.36,12.67,-0.3144108200073248
5,12.32,12.66,-0.34074085235595675
6,12.32,12.62,-0.3000962066650388
7,12.28,12.56,-0.28031799316406314
8,12.28,12.49,-0.21020099639892642
9,12.36,12.42,-0.05733741760253963
10,12.36,12.35,0.012690887451171307
11,12.36,12.28,0.07631050109863224
12,12.36,12.23,0.1316941833496088
13,12.36,12.18,0.17831359863281193
14,12.36,12.15,0.21095500946044865
15,12.36,12.13,0.22531543731689396
16,12.36,12.14,0.2196887588500971
17,12.36,12.17,0.19497810363769474
18,12.36,12.21,0.15398918151855412
19,12.36,12.26,0.10058341979980412
20,12.36,12.32,0.038918838500975994
21,12.36,12.39,-0.02708686828613338
22,12.4,12.46,-0.05973014831542933
23,12.48,12.54,-0.06158687591552692
24,12.48,12.63,-0.15357353210449176
25,12.48,12.73,-0.2547135543823238
26,12.44,12.84,-0.40258365631103565
27,12.44,12.95,-0.5140243148803716
28,12.44,13.04,-0.5975003814697271
29,12.44,13.1,-0.6579804992675786
30,12.48,13.15,-0.670234222412109
31,12.52,13.21,-0.6938814926147465
32,12.56,13.3,-0.7431988143920893
33,12.56,13.42,-0.8646149063110347
34,12.56,13.58,-1.0175709152221675
35,12.56,13.75,-1.1850895309448237
36,12.56,13.91,-1.3486389541625972
37,12.52,14.05,-1.5339226531982426
38,12.48,14.17,-1.692512054443359
39,12.44,14.26,-1.8213220214843755
40,12.32,14.32,-1.9955755996704099
41,12.32,14.34,-2.0192448425292966
42,12.32,14.34,-2.0194489288330075
43,12.32,14.32,-2.003771476745605
44,12.32,14.3,-1.9788557815551755
45,12.32,14.27,-1.9498707580566403
46,12.32,14.24,-1.9204632568359372
47,12.32,14.21,-1.8929364013671872
48,12.32,14.19,-1.8685375976562497
49,12.36,14.17,-1.8077541732788092
50,12.4,14.15,-1.750581359863281
51,12.44,14.14,-1.696698722839356
52,12.44,14.13,-1.6856504058837896
53,12.44,14.12,-1.6769414520263677
54,12.44,14.11,-1.6700950241088872
55,12.44,14.1,-1.6646886444091802
56,12.44,14.1,-1.6603723144531255
57,12.48,14.1,-1.6168704223632808
58,12.52,14.09,-1.573967437744141
59,12.56,14.09,-1.5315050506591792
60,12.6,14.09,-1.4893764495849613
61,12.64,14.09,-1.447504386901855
62,12.72,14.09,-1.3658364105224603
63,12.6,14.08,-1.4843410491943363
64,12.72,14.08,-1.3572991180419915
65,12.92,14.06,-1.1395273971557618
66,13.08,14.03,-0.948247833251953
67,13.24,13.98,-0.7432935333251951
68,13.4,13.93,-0.5264430999755856
69,13.56,13.86,-0.300641479492187
70,13.64,13.79,-0.14926753997802678
71,13.72,13.69,0.026818962097168608
72,13.8,13.55,0.24515132904052805
73,13.88,13.4,0.48106849670410234
74,13.92,13.26,0.6630715560913085
75,13.92,13.15,0.7665328216552734
76,13.96,13.1,0.8578919982910165
77,14.0,13.11,0.8939666748046875
78,14.04,13.16,0.8792953872680656
79,14.08,13.26,0.8230753707885743
80,14.12,13.38,0.7365218353271477
81,14.16,13.53,0.6308728790283205
82,14.16,13.68,0.4819099044799806
83,14.16,13.82,0.34302822113037124
84,14.16,13.94,0.22312751770019545
85,14.16,14.03,0.1265479660034181
86,14.16,14.09,0.06535163879394545
87,14.16,14.12,0.03668609619140639
88,14.36,14.12,0.23811756134033146
89,14.32,14.11,0.21453697204589872
90,14.28,14.09,0.19056537628173764
91,14.2,14.08,0.11512107849121023
92,14.12,14.1,0.022314186096190625
93,14.04,14.13,-0.0892486190795907
94,13.96,14.18,-0.21779827117919837
95,13.96,14.23,-0.2739973449707023
96,13.96,14.29,-0.33403591156005774
97,13.96,14.34,-0.3846302413940421
98,13.96,14.37,-0.41426853179931555
99,13.92,14.38,-0.456485824584961
100,13.92,14.35,-0.4300070571899415
101,13.88,14.3,-0.4175006103515617
102,13.84,14.22,-0.38405815124511733
103,13.8,14.14,-0.3357765197753899
104,13.76,14.04,-0.2843668365478518
105,13.72,13.96,-0.2403929519653314
106,13.52,13.89,-0.3709864425659184
107,13.32,13.83,-0.5139538574218747
108,13.36,13.78,-0.42454494476318416
109,13.4,13.73,-0.327072715759277
110,13.44,13.66,-0.2194848632812505
111,13.48,13.59,-0.10508300781249957
112,13.52,13.51,0.011279602050780824
113,13.56,13.42,0.136339721679688
114,13.6,13.33,0.265889739990234
115,13.64,13.25,0.3875967407226568
116,13.68,13.19,0.4903790283203122
117,13.68,13.15,0.5275742340087888
118,13.68,13.14,0.5372425842285153
119,13.68,13.16,0.521198921203613
120,13.68,13.2,0.4836289215087888
121,13.6,13.25,0.34985122680664027
122,13.6,13.31,0.28533515930175746
123,13.56,13.38,0.1750512695312505
124,13.64,13.46,0.18313087463378963
125,13.72,13.53,0.19274780273437564
126,13.8,13.59,0.20612888336181712
127,13.88,13.66,0.22467315673828203
128,13.96,13.71,0.24910923004150476
129,14.04,13.76,0.2796583557128898
130,14.08,13.8,0.27618225097656257
131,14.32,13.84,0.4782975387573245
132,14.48,13.87,0.6055235671997075
133,14.4,13.9,0.49731864929199254
134,14.32,13.93,0.3930924606323245
135,14.24,13.95,0.2923033142089846
136,14.16,13.97,0.19447341918945327
137,14.08,13.98,0.09916599273681648
138,14.0,13.99,0.006011009216308594
139,13.96,14.01,-0.04530910491943274
140,13.92,14.02,-0.0950642395019532
141,13.88,14.02,-0.1434813690185539
142,13.84,14.03,-0.19075313568115249
143,13.8,14.02,-0.22001380920410085
144,13.68,14.0,-0.3185647201538089
145,13.64,13.97,-0.3332637405395502
146,13.68,13.95,-0.2695248794555667
147,13.64,13.93,-0.2907508468627924
148,13.56,13.92,-0.35855716705322216
149,13.48,13.91,-0.4331488800048824
150,13.44,13.91,-0.47384029388427784
151,13.4,13.92,-0.5194717407226559
152,13.36,13.93,-0.5687033081054693
153,13.32,13.95,-0.6259676742553708
154,13.28,13.98,-0.6953665924072272
155,13.28,14.02,-0.7388112258911139
156,13.24,14.08,-0.8358361816406248
157,13.28,14.15,-0.8699671936035163
158,13.32,14.24,-0.9174315261840817
159,13.36,14.34,-0.9780060195922857
160,13.4,14.45,-1.0509820938110348
161,13.44,14.56,-1.1227403259277349
162,13.48,14.66,-1.1796231460571285
163,13.52,14.74,-1.2238688278198246
164,13.52,14.82,-1.301823120117188
165,13.52,14.9,-1.379333000183106
166,13.52,14.97,-1.4484238433837895
167,13.56,15.02,-1.4599117660522456
168,13.6,15.06,-1.4592470169067386
169,13.72,15.08,-1.357614784240722
170,13.76,15.07,-1.3121530914306643
171,13.8,15.04,-1.243977737426757
172,13.84,15.0,-1.1624461746215822
173,13.96,14.96,-1.00333885192871
174,14.0,14.94,-0.9396963119506836
175,14.0,14.94,-0.9391355514526367
176,14.0,14.96,-0.9581193923950195
177,14.0,15.0,-0.9953546524047852
178,13.88,15.04,-1.163165206909179
179,13.92,15.08,-1.161913948059082
180,13.92,15.11,-1.1863823699951173
181,13.92,15.12,-1.197539405822754
182,13.92,15.11,-1.187311248779297
183,13.92,15.07,-1.1491766738891602
184,13.92,15.0,-1.0809450912475587
185,13.92,14.9,-0.9847107696533204
186,13.92,14.78,-0.859923439025879
187,13.92,14.62,-0.7025194931030274
188,13.96,14.44,-0.47727016448974524
189,14.0,14.24,-0.23839855194091797
190,14.04,14.04,-0.0006656265258797589
191,14.08,13.85,0.229862289428711
192,14.16,13.67,0.4908200836181642
193,14.2,13.5,0.7013484954833977
194,14.28,13.34,0.9410965728759759
195,14.36,13.18,1.1754020309448237
196,14.36,13.03,1.3291896438598627
197,14.36,12.87,1.4850877380371088
198,14.44,12.72,1.7233375930786128
199,14.52,12.56,1.9623961639404293
200,14.6,12.4,2.1997428894042965
201,14.6,12.25,2.3525701522827145
202,14.6,12.1,2.503783798217773
203,14.8,11.94,2.861834335327149
204,14.72,11.78,2.9422328186035163
205,14.72,11.62,3.0970027160644538
206,14.72,11.49,3.233463973999024
207,14.76,11.38,3.3816497421264646
208,14.84,11.3,3.5364969635009764
209,14.92,11.26,3.6576537322998046
210,15.0,11.25,3.7482681274414062
211,15.04,11.27,3.768036880493163
212,15.12,11.32,3.797865028381347
213,15.12,11.4,3.7209416580200187
214,15.04,11.5,3.542358436584472
215,15.04,11.61,3.4338484191894523
216,15.04,11.72,3.321303405761718
217,14.92,11.84,3.0825127792358398
218,14.84,11.97,2.868877258300781
219,14.72,12.11,2.6053940963745124
220,14.6,12.26,2.3408638000488278
221,14.52,12.4,2.1235861968994136
222,14.4,12.52,1.879587554931641
223,14.24,12.62,1.6178686523437502
224,14.12,12.7,1.4246321868896477
225,14.0,12.74,1.2564020156860352
226,13.92,12.77,1.152110023498535
227,13.84,12.76,1.0757301712036131
228,13.68,12.72,0.9607102203369138
229,13.64,12.65,0.9941612625122076
230,13.52,12.56,0.9628291320800777
231,13.4,12.48,0.9243377685546879
232,13.24,12.43,0.814607849121094
233,13.04,12.42,0.6177292251586906
234,12.84,12.47,0.36785968780517564
235,12.64,12.57,0.07330192565918026
236,12.48,12.69,-0.21239902496337848
237,12.24,12.83,-0.5895841217041013
238,12.0,12.97,-0.9667625427246094
239,11.92,13.1,-1.1773501205444337
240,11.76,13.22,-1.4636032485961916
241,11.64,13.34,-1.6979020690917963
242,11.6,13.44,-1.8380559921264652
243,11.56,13.52,-1.9643253707885737
244,11.52,13.59,-2.072425346374512
245,11.48,13.63,-2.1532883834838863
246,11.52,13.65,-2.1263928222656254
247,11.6,13.65,-2.0468133926391605
248,11.64,13.63,-1.9935420608520502
249,11.64,13.6,-1.9569142913818354
250,11.6,13.53,-1.9348777770996097
251,11.64,13.46,-1.8156369781494135
252,11.72,13.37,-1.6495478439331048
253,11.84,13.29,-1.4455701446533205
254,11.88,13.2,-1.324359054565429
255,11.96,13.12,-1.1586618804931632
256,12.04,13.03,-0.9873542404174813
257,12.12,12.92,-0.7955263900756844
258,12.16,12.77,-0.6107958221435545
259,12.2,12.59,-0.3934391021728523
260,12.28,12.38,-0.10492393493652408
261,12.32,12.16,0.16466266632080107
262,12.36,11.92,0.4430945968627924
263,12.36,11.68,0.6791900253295893
264,12.44,11.46,0.9842247390747065
265,12.48,11.25,1.2322640228271489
266,12.56,11.06,1.4999652481079107
267,12.68,10.88,1.796864204406738
268,12.8,10.72,2.0771673202514656
269,12.92,10.59,2.3325099182128906
270,13.0,10.48,2.5169525146484375
271,13.04,10.4,2.644691505432128
272,13.04,10.32,2.716217079162597
273,13.08,10.26,2.824828224182129
274,13.12,10.17,2.948859329223632
275,13.24,10.08,3.1600334548950197
276,13.24,9.98,3.259701957702637
277,13.24,9.89,3.3543712997436526
278,13.2,9.79,3.40596694946289
279,13.2,9.72,3.484011840820312
280,13.16,9.66,3.4978543853759767
281,13.16,9.63,3.5318194961547853
282,13.24,9.6,3.639984359741211
283,13.24,9.56,3.6755897903442385
284,13.2,9.53,3.6711103439331048
285,13.16,9.51,3.65470329284668
286,13.2,9.5,3.6971055984497063
287,13.28,9.53,3.7538321304321283
288,13.44,9.56,3.881161155700683
289,13.4,9.59,3.806941413879395
290,13.36,9.63,3.734578475952148
291,13.28,9.65,3.6251843261718744
292,13.04,9.67,3.369556465148925
293,12.8,9.67,3.1320751190185554
294,12.6,9.64,2.9635034561157223
295,12.4,9.58,2.820660972595215
296,12.24,9.5,2.735184898376465
297,12.12,9.43,2.6872540664672844
298,11.96,9.37,2.589751205444337
299,11.8,9.33,2.4655178070068366
300,11.6,9.32,2.2770505905151364
301,11.48,9.33,2.153507690429688
302,11.24,9.35,1.893759002685547
303,11.12,9.37,1.7458401870727531
304,11.04,9.41,1.6280575180053702
305,11.0,9.45,1.5533523559570312
306,10.8,9.48,1.3244894027709968
307,10.64,9.49,1.1456180953979498
308,10.48,9.5,0.9794878768920903
309,10.32,9.49,0.8322318267822268
310,10.28,9.45,0.827925949096679
311,10.08,9.4,0.6765270996093751
312,10.0,9.35,0.645512580871582
313,9.8,9.3,0.4955518722534187
314,9.76,9.25,0.5107772445678709
315,9.76,9.21,0.553220520019531
316,9.64,9.19,0.4546905899047857
317,9.6,9.2,0.40259513854980433
318,9.56,9.24,0.3197360610961919
319,9.6,9.31,0.28951416015624964
320,9.68,9.4,0.28219001770019503
321,9.72,9.49,0.22870418548584048
322,9.76,9.58,0.1833865737915037
323,9.68,9.65,0.026527099609374716
324,9.68,9.72,-0.03516799926757841
325,9.68,9.76,-0.07576210021972685
326,9.68,9.78,-0.10318023681640653
327,9.68,9.8,-0.12252647399902372
328,9.6,9.83,-0.22793903350830114
329,9.44,9.85,-0.4099612808227544
330,9.36,9.87,-0.5111996078491217
331,9.4,9.89,-0.49149475097656214
332,9.4,9.91,-0.5099302291870114
333,9.44,9.93,-0.4910884475708013
334,9.64,9.95,-0.3141292190551752
335,9.56,9.98,-0.41662830352783153
336,9.6,10.0,-0.40172615051269567
337,9.6,10.04,-0.4384435653686527
338,9.64,10.08,-0.443159446716308
339,9.64,10.13,-0.4942401504516596
340,9.52,10.18,-0.6649079132080082
341,9.56,10.22,-0.6631540679931636
342,9.6,10.24,-0.6448883056640629
343,9.64,10.24,-0.5996764755249018
344,9.52,10.2,-0.6800761032104496
345,9.4,10.12,-0.7241054534912106
346,9.36,10.01,-0.6547390365600592
347,9.32,9.87,-0.5530258941650388
348,9.32,9.71,-0.38726299285888643
349,9.24,9.52,-0.2826335525512693
350,9.32,9.33,-0.014649085998534872
351,9.32,9.15,0.16661483764648466
352,9.48,9.0,0.48447750091552777
353,9.52,8.86,0.6563058090209957
354,9.68,8.75,0.9307390975952146
355,9.72,8.65,1.0727193069458014
356,9.76,8.56,1.2049319839477537
357,9.68,8.47,1.2140156555175778
358,9.76,8.38,1.3751123046874998
359,9.64,8.31,1.3318811798095709
360,9.64,8.24,1.398834838867188
361,9.72,8.17,1.5453631591796881
362,9.68,8.11,1.566634826660156
363,9.8,8.05,1.7453849792480476
364,9.68,8.0,1.680482082366943
365,9.8,7.95,1.8498671531677253
366,9.8,7.9,1.9023931503295906
367,9.84,7.84,1.9967945480346678
368,9.92,7.79,2.133916301727295
369,10.0,7.74,2.2640271186828613
370,10.08,7.7,2.382320957183838
371,10.12,7.67,2.4526544761657707
372,10.2,7.64,2.5555908203124993
373,10.28,7.62,2.6613524246215814
374,10.4,7.59,2.809477233886719
375,10.32,7.56,2.7560361099243167
376,10.28,7.53,2.74750259399414
377,10.2,7.51,2.6903640747070305
378,10.12,7.51,2.6090704154968254
379,10.0,7.55,2.4533166885375977
380,9.92,7.62,2.2996868324279784
381,9.84,7.74,2.099932994842529
382,9.76,7.89,1.8663585281372068
383,9.64,8.07,1.5716701889038092
384,9.56,8.25,1.312776145935059
385,9.56,8.41,1.14958911895752
386,9.44,8.55,0.8863357925415034
387,9.44,8.68,0.7607035064697261
388,9.28,8.78,0.5046017456054681
389,9.24,8.85,0.3933336639404299
390,9.12,8.9,0.2227326583862297
391,9.04,8.92,0.11948303222656165
392,8.92,8.93,-0.005956726074218821
393,8.84,8.93,-0.08640876770019545
394,8.72,8.92,-0.19639804840087827
395,8.68,8.91,-0.22853500366210966
396,8.48,8.92,-0.43718673706054645
397,8.36,8.94,-0.5760189437866217
398,8.24,8.97,-0.7295854187011717
399,8.12,9.01,-0.88708293914795
400,8.04,9.03,-0.9904603576660165
401,7.92,9.04,-1.1213799285888673
402,7.84,9.04,-1.2023707962036134
403,7.8,9.03,-1.225585174560547
404,7.84,9.0,-1.1594554519653322
405,7.84,8.97,-1.13031307220459
406,7.8,8.93,-1.1318084716796877
407,7.84,8.89,-1.046960029602051
408,7.76,8.84,-1.0813562774658205
409,7.8,8.79,-0.9894859313964846
410,7.76,8.72,-0.9647180938720705
411,7.68,8.64,-0.9631083679199222
412,7.68,8.54,-0.8589041900634768
413,7.76,8.43,-0.6651546859741213
414,7.88,8.32,-0.4434357833862306
415,7.96,8.25,-0.29168228149414066
416,8.12,8.21,-0.08949459075927813
417,8.2,8.19,0.005452346801757102
418,8.24,8.21,0.0318071746826174
419,8.32,8.25,0.06933624267578153
420,8.28,8.3,-0.023714752197266264
421,8.44,8.36,0.07629627227783153
422,8.48,8.43,0.04832218170166058
423,8.48,8.5,-0.02369358062744098
424,8.56,8.57,-0.014772834777831534
425,8.6,8.64,-0.04072799682617223
426,8.64,8.7,-0.058798179626464275
427,8.72,8.74,-0.022303848266600923
428,8.84,8.77,0.07396301269531236
429,8.76,8.77,-0.013161888122558807
430,8.88,8.77,0.11046016693115313
431,9.04,8.76,0.28441528320312415
432,9.04,8.73,0.3093223953247062
433,9.24,8.7,0.5398123168945315
434,9.24,8.67,0.5697309875488283
435,9.2,8.64,0.564891052246093
436,9.36,8.59,0.767286643981933
437,9.32,8.55,0.7712643814086917
438,9.2,8.51,0.6900674819946282
439,9.2,8.47,0.7292377471923821
440,9.16,8.43,0.7256995773315431
441,8.96,8.41,0.5546311950683602
442,8.96,8.39,0.5723390197753915
443,8.92,8.37,0.5477723312377929
444,8.84,8.36,0.4753492736816405
445,8.8,8.37,0.4271152496337898
446,8.68,8.4,0.2829767990112302
447,8.52,8.43,0.0864100646972652
448,8.6,8.48,0.11665973663330043
449,8.6,8.55,0.05301437377929652
450,8.64,8.62,0.016147270202637287
451,8.68,8.7,-0.021036453247070597
452,8.64,8.78,-0.1359046554565424
453,8.64,8.85,-0.20943294525146428
454,8.76,8.92,-0.16316627502441428
455,8.6,8.99,-0.3872369766235355
456,8.56,9.04,-0.4768385314941401
457,8.64,9.08,-0.4360450363159174
458,8.56,9.11,-0.5509447479248042
459,8.6,9.14,-0.5412715911865238
460,8.68,9.17,-0.4850381088256839
461,8.64,9.19,-0.5459493255615229
462,8.6,9.21,-0.6084474563598636
463,8.64,9.24,-0.5957301712036127
464,8.6,9.26,-0.6584867477416996
465,8.6,9.27,-0.6718667984008793
466,8.64,9.28,-0.6395782089233393
467,8.6,9.29,-0.687209510803223
468,8.6,9.29,-0.6885894775390629
469,8.68,9.28,-0.6015303802490237
470,8.68,9.27,-0.5915473175048831
471,8.72,9.27,-0.5451739120483392
472,8.84,9.28,-0.438021812438965
473,8.84,9.3,-0.4610787963867189
474,8.72,9.33,-0.6051495361328119
475,8.68,9.34,-0.6632970046997073
476,8.72,9.35,-0.6315586853027337
477,8.72,9.34,-0.6232588577270501
478,8.6,9.32,-0.7193054199218754
479,8.6,9.29,-0.6890996932983402
480,8.72,9.26,-0.5371563720703119
481,8.68,9.21,-0.5295460891723636
482,8.64,9.14,-0.49734722137451115
483,8.68,9.04,-0.3628466796875003
484,8.72,8.94,-0.21830680847167905
485,8.76,8.83,-0.07145999908447287
486,8.72,8.73,-0.0071842956542962355
487,8.8,8.63,0.17156772613525462
488,8.88,8.54,0.34313285827636797
489,8.92,8.45,0.4667147827148437
490,8.88,8.38,0.5020846176147469
491,8.92,8.31,0.6093978118896484
492,9.0,8.25,0.7490558624267578
493,9.04,8.2,0.8415947341918937
494,9.04,8.15,0.8876285934448234
495,9.12,8.11,1.0077944946289055
496,9.2,8.07,1.1279909133911126
497,9.24,8.04,1.203319778442383
498,9.28,8.0,1.2776129531860345
499,9.32,7.96,1.3561566543579104
500,9.32,7.92,1.3975065422058108
501,9.36,7.88,1.478134975433349
502,9.4,7.84,1.5599569320678714
503,9.44,7.79,1.6509403610229487
504,9.4,7.73,1.672629261016846
505,9.4,7.65,1.7483324050903324
506,9.44,7.56,1.879686775207519
507,9.56,7.46,2.1007156944274907
508,9.48,7.36,2.1236343193054203
509,9.44,7.25,2.1868214035034175
510,9.4,7.15,2.2505039215087894
511,9.44,7.05,2.389708461761474
512,9.36,6.96,2.4041889762878412
513,9.32,6.88,2.444712467193604
514,9.32,6.82,2.5022767257690433
515,9.36,6.78,2.576823577880859
516,9.24,6.78,2.46197961807251
517,9.12,6.8,2.3234397125244133
518,9.04,6.83,2.2054438972473136
519,9.04,6.89,2.1520004653930656
520,9.0,6.95,2.0523977279663086
521,8.92,7.02,1.8998684120178222
522,8.84,7.1,1.7415140533447264
523,8.76,7.18,1.582235584259033
524,8.76,7.25,1.50534797668457
525,8.72,7.32,1.3982245635986335
526,8.64,7.39,1.2513162040710455
527,8.56,7.45,1.1086760139465337
528,8.56,7.51,1.052174625396729
529,8.52,7.56,0.96241189956665
530,8.44,7.6,0.84449047088623
531,8.32,7.63,0.687090702056885
532,8.2,7.68,0.5224525451660149
533,8.16,7.75,0.4107596015930177
534,8.08,7.85,0.22686775207519538
535,8.04,7.97,0.07023290634155188
536,8.0,8.1,-0.10297107696533203
537,7.96,8.24,-0.28468898773193363
538,7.84,8.4,-0.5605222320556642
539,7.72,8.56,-0.8406679916381838
540,7.6,8.71,-1.1123928070068363
541,7.6,8.85,-1.24541130065918
542,7.6,8.98,-1.3752655029296879
543,7.56,9.1,-1.538737716674805
544,7.44,9.21,-1.7677703475952145
545,7.36,9.3,-1.9408174896240231
546,7.32,9.37,-2.0538698959350583
547,7.24,9.42,-2.1842830276489256
548,7.24,9.45,-2.21176887512207
549,7.24,9.46,-2.22354866027832
550,7.2,9.46,-2.262614059448242
551,7.24,9.44,-2.199984321594238
552,7.2,9.41,-2.2085454940795897
553,7.2,9.36,-2.1580293655395506
554,7.2,9.29,-2.0917098999023436
555,7.16,9.22,-2.057246055603027
556,7.28,9.14,-1.862407417297363
557,7.2,9.06,-1.8625658035278319
558,7.24,8.98,-1.7366941070556638
559,7.28,8.86,-1.584896774291992
560,7.24,8.73,-1.4852092361450193
561,7.32,8.57,-1.2545887756347653
562,7.32,8.43,-1.1125103759765622
563,7.4,8.31,-0.9139448165893551
564,7.44,8.23,-0.7873426055908199
565,7.48,8.16,-0.6845736694335933
566,7.64,8.12,-0.4840386962890628
567,7.72,8.09,-0.37480381011962915
568,7.92,8.08,-0.16148288726806648
569,8.08,8.07,0.009933547973632884
570,8.12,8.07,0.05409347534179609
571,8.32,8.06,0.2628138732910159
572,8.44,8.05,0.3883337402343745
573,8.6,8.04,0.5603986740112301
574,8.64,8.02,0.6150251770019537
575,8.72,8.0,0.7207305145263678
576,8.72,7.96,0.7560822677612311
577,8.96,7.91,1.0466880416870126
578,9.0,7.85,1.1522603034973145
579,9.04,7.77,1.269496479034423
580,9.16,7.68,1.4791552162170412
581,9.12,7.59,1.5313988876342766
582,9.2,7.49,1.7108180046081536
583,9.24,7.39,1.8486931228637697
584,9.32,7.3,2.024596519470215
585,9.4,7.2,2.1952513694763187
586,9.28,7.12,2.1573083686828607
587,9.44,7.05,2.3936180496215815
588,9.36,6.98,2.382997379302978
589,9.4,6.91,2.488572978973389
590,9.48,6.86,2.6234965133666996
591,9.44,6.8,2.635635795593261
592,9.36,6.76,2.599646434783935
593,9.2,6.72,2.4833495140075676
594,8.96,6.68,2.2755860900878915
595,8.96,6.66,2.3036436653137216
596,8.84,6.64,2.2031649017333983
597,8.84,6.62,2.2181208992004393
598,8.72,6.62,2.1038572502136237
599,8.72,6.62,2.100024433135987
600,8.64,6.64,1.997939243316651
601,8.64,6.67,1.9656344795227056
602,8.4,6.72,1.6792854309082035
603,8.44,6.79,1.6482419395446772
604,8.32,6.91,1.4086077880859378
605,8.32,7.08,1.2387016487121585
606,8.2,7.29,0.9083353996276848
607,8.24,7.51,0.7279283905029299
608,8.12,7.72,0.40202104568481367
609,8.08,7.9,0.18116720199584968
610,7.96,8.04,-0.08146003723144535
611,8.0,8.15,-0.15337467193603516
612,7.8,8.23,-0.43169898986816424
613,7.84,8.28,-0.4383422470092775
614,7.76,8.3,-0.5431415939331057
615,7.64,8.31,-0.6662705993652347
616,7.6,8.3,-0.7021507263183597
617,7.52,8.29,-0.7700257110595707
618,7.52,8.27,-0.7506003189086918
619,7.6,8.25,-0.6506332397460941
620,7.6,8.23,-0.6263803482055668
621,7.52,8.17,-0.6514954376220707
622,7.4,8.06,-0.6625886917114254
623,7.32,7.89,-0.5678841400146482
624,7.2,7.65,-0.44763402938842756
625,7.24,7.35,-0.1111056900024412
626,7.08,7.01,0.06725175857543952
627,7.12,6.63,0.4859944534301759
628,6.92,6.23,0.6940077972412109
629,7.04,5.8,1.236371078491211
630,6.84,5.38,1.4582122230529784
631,6.92,4.99,1.9271902275085449
632,6.76,4.67,2.089215049743652
633,6.84,4.45,2.3913606071472167
634,6.76,4.34,2.4200809097290037
635,6.88,4.34,2.5382980155944823
636,6.8,4.44,2.3551042556762694
637,6.92,4.63,2.285765571594238
638,7.04,4.89,2.149595775604248
639,7.28,5.19,2.087261943817139
640,7.44,5.52,1.9184941673278813
641,7.52,5.86,1.6605148506164547
642,7.6,6.2,1.4018589019775387
643,7.6,6.53,1.0676957130432125
644,7.72,6.86,0.8620726776123044
645,7.72,7.17,0.5486881446838376
646,7.84,7.47,0.37090095520019517
647,7.88,7.74,0.14230525970458974
648,7.92,7.96,-0.04476554870605476
649,8.04,8.15,-0.10871597290039148
650,8.0,8.29,-0.29351329803466797
651,8.2,8.41,-0.2055013656616218
652,8.16,8.49,-0.3314617538452147
653,8.28,8.56,-0.277608604431153
654,8.28,8.6,-0.3237874221801764
655,8.36,8.63,-0.26899684906005916
656,8.16,8.64,-0.47874912261962876
657,8.04,8.64,-0.5999183273315438
658,7.84,8.64,-0.7983810043334962
659,7.68,8.64,-0.9582169723510745
660,7.44,8.65,-1.2070289230346676
661,7.32,8.67,-1.3507048416137692
662,6.96,8.7,-1.741146125793457
663,6.64,8.74,-2.098413810729981
664,6.2,8.78,-2.5843408584594725
665,5.88,8.84,-2.960028762817383
666,5.72,8.9,-3.1797383117675784
667,5.72,8.96,-3.2367308425903323
668,5.76,9.01,-3.2457306289672854
669,5.72,9.03,-3.313005714416504
670,5.76,9.02,-3.2622053527832033
671,5.72,8.98,-3.2592366027832034
672,5.8,8.92,-3.1226531982421877
673,5.84,8.87,-3.030827674865723
674,5.84,8.84,-2.996854934692383
675,5.92,8.83,-2.9075136947631837
676,5.88,8.84,-2.9587832641601564
677,6.0,8.86,-2.8577632904052734
678,6.08,8.88,-2.7972382736206054
679,6.12,8.89,-2.77363956451416
680,6.24,8.91,-2.6656692123413084
681,6.52,8.91,-2.393326263427735
682,6.72,8.92,-2.1972458648681643
683,6.92,8.92,-1.9983053970336915
684,7.16,8.92,-1.757377471923828
685,7.4,8.92,-1.5152193069458004
686,7.64,8.91,-1.2724202728271488
687,8.0,8.9,-0.8987579345703125
688,8.28,8.87,-0.5897347640991217
689,8.52,8.82,-0.30498455047607465
690,8.76,8.78,-0.022707214355468963
691,8.88,8.75,0.1343191909790047
692,8.96,8.72,0.24355884552002038
693,8.96,8.69,0.26902194976806726
694,9.0,8.66,0.34096622467041016
695,9.08,8.63,0.4521685409545899
696,9.12,8.6,0.5226441574096672
697,9.08,8.57,0.5091267395019532
698,9.12,8.55,0.5684233856201164
699,9.16,8.54,0.6186315155029298
700,9.2,8.54,0.664622497558593
701,9.2,8.53,0.6721984863281243
702,9.16,8.51,0.6456672286987306
703,9.12,8.49,0.6324807357788078
704,9.0,8.45,0.5526504516601562
705,8.84,8.4,0.4428537750244139
706,8.8,8.34,0.4640415191650398
707,8.88,8.27,0.6119183349609383
708,8.96,8.2,0.7610511398315438
709,9.0,8.14,0.8561935424804688
710,9.04,8.11,0.934563674926757
711,9.04,8.09,0.9535732650756827
712,9.0,8.09,0.9126043319702148
713,9.0,8.1,0.9036846160888672
714,9.04,8.12,0.9239693069457999
715,9.08,8.15,0.9329739379882813
716,9.08,8.18,0.9025135803222657
717,9.08,8.2,0.8796397018432618
718,9.08,8.21,0.8675986099243165
719,9.08,8.21,0.8668957519531251
720,9.04,8.2,0.8415871047973624
721,9.0,8.17,0.8345851898193359
722,8.96,8.11,0.8462981796264657
723,8.88,8.05,0.8347958374023445
724,8.8,7.96,0.8365409851074226
725,8.84,7.88,0.9620273971557616
726,8.8,7.8,1.001921463012696
727,8.8,7.72,1.0799773216247566
728,8.76,7.65,1.112227210998535
729,8.76,7.59,1.1734464263916013
730,8.92,7.53,1.385102195739746
731,8.88,7.5,1.3801921653747566
732,8.84,7.49,1.3519056701660155
733,8.8,7.49,1.3125989913940437
734,8.76,7.5,1.2567498779296873
735,8.68,7.53,1.146546535491943
736,8.64,7.58,1.0616837882995611
737,8.64,7.64,1.0023471260070806
738,8.56,7.7,0.8606267547607427
739,8.52,7.77,0.7534337234497066
740,8.48,7.85,0.634561042785645
741,8.4,7.94,0.459696197509766
742,8.36,8.05,0.3078282928466791
743,8.32,8.17,0.15164787292480497
744,8.36,8.28,0.0799497222900385
745,8.32,8.38,-0.0618340301513669
746,8.32,8.48,-0.1563479232788083
747,8.4,8.57,-0.16794452667236293
748,8.36,8.62,-0.26275123596191463
749,8.44,8.62,-0.1830792999267583
750,8.36,8.59,-0.22559989929199276
751,8.32,8.54,-0.2154452133178708
752,8.28,8.5,-0.2197053146362311
753,8.28,8.48,-0.20167037963867251
754,8.32,8.48,-0.15534656524658175
755,8.2,8.48,-0.2834423065185554
756,8.16,8.49,-0.3336122894287108
757,8.08,8.5,-0.42290107727050774
758,8.0,8.51,-0.5120439529418945
759,7.92,8.51,-0.5920687484741212
760,7.92,8.5,-0.5848055648803712
761,7.92,8.49,-0.5700188446044923
762,7.84,8.46,-0.622230682373047
763,7.88,8.42,-0.5368920516967775
764,7.88,8.36,-0.4828988265991212
765,7.84,8.31,-0.47158542633056655
766,7.92,8.26,-0.3413840103149415
767,7.96,8.22,-0.2579374694824219
768,7.88,8.19,-0.307272071838379
769,7.88,8.16,-0.2825995635986329
770,7.88,8.15,-0.2654477310180665
771,7.88,8.13,-0.25373565673828136
772,7.88,8.13,-0.2499123764038087
773,7.88,8.14,-0.25663387298583995
774,7.88,8.14,-0.26457130432128917
775,7.92,8.15,-0.23384769439697273
776,8.04,8.16,-0.12198348999023523
777,8.12,8.16,-0.04119194030761797
778,8.12,8.16,-0.03540790557861406
779,8.16,8.14,0.02443614959716811
780,8.24,8.11,0.1319944763183596
781,8.36,8.08,0.2826598739624018
782,8.48,8.05,0.43326709747314496
783,8.32,8.02,0.2965777587890628
784,8.28,8.01,0.2717783737182611
785,8.36,7.99,0.3659728622436518
786,8.44,7.97,0.46668142318725536
787,8.64,7.95,0.6883884811401373
788,8.64,7.94,0.7029396438598638
789,8.64,7.92,0.7198120498657232
790,8.76,7.9,0.8604886627197263
791,8.68,7.88,0.8032624053955075
792,8.68,7.85,0.825642280578613
793,8.8,7.83,0.9707577705383308
794,8.68,7.81,0.8717905807495114
795,8.72,7.78,0.9366748046875006
796,8.68,7.76,0.9247953224182126
797,8.6,7.73,0.8727379798889157
798,8.6,7.71,0.891769981384277
799,8.56,7.7,0.8597202873229985
800,8.52,7.7,0.8229694557189937
801,8.4,7.69,0.7090333938598636
802,8.36,7.68,0.683450088500976
803,8.4,7.66,0.74372091293335
804,8.32,7.63,0.6850879859924319
805,8.32,7.61,0.7084806632995608
806,8.24,7.57,0.6716840171813967
807,8.2,7.5,0.7007934570312493
808,8.44,7.4,1.0448655509948725
809,8.48,7.26,1.2234291839599614
810,8.44,7.09,1.3502869033813472
811,8.36,6.91,1.451485977172851
812,8.2,6.73,1.4727775573730462
813,8.24,6.56,1.682903518676758
814,8.16,6.41,1.7545796966552736
815,8.12,6.28,1.8442107391357414
816,8.16,6.17,1.9910985565185548
817,8.12,6.08,2.0416637611389152
818,8.12,6.0,2.1182309341430656
819,8.16,5.93,2.2267519569396974
820,8.08,5.87,2.2077294158935548
821,8.04,5.81,2.225027599334716
822,8.12,5.77,2.3471313667297355
823,8.2,5.74,2.456901264190673
824,8.08,5.72,2.356524066925049
825,8.04,5.71,2.327869453430175
826,8.08,5.7,2.377748565673828
827,8.04,5.69,2.3526773834228507
828,7.96,5.67,2.29174467086792
829,8.04,5.65,2.386444606781005
830,7.92,5.64,2.278654975891113
831,7.92,5.63,2.2931446266174316
832,7.88,5.61,2.2740439224243163
833,7.88,5.58,2.303598766326904
834,7.92,5.54,2.382132930755615
835,7.84,5.49,2.3485163116455077
836,7.8,5.44,2.3607409477233885
837,7.8,5.38,2.42152099609375
838,7.76,5.31,2.4534876441955564
839,7.84,5.23,2.6124089622497557
840,7.76,5.15,2.612205753326416
841,7.6,5.07,2.5274520874023434
842,7.52,5.0,2.519404430389404
843,7.32,4.93,2.3859470558166507
844,7.2,4.88,2.3244392395019533
845,7.12,4.83,2.293022747039795
846,7.08,4.79,2.2909827995300294
847,6.96,4.76,2.203669033050537
848,6.84,4.73,2.112038459777832
849,6.84,4.7,2.1354583168029784
850,6.76,4.69,2.0731570816040037
851,6.68,4.68,2.0047971534729
852,6.56,4.66,1.8956299400329586
853,6.52,4.65,1.871251125335693
854,6.36,4.63,1.730388984680176
855,6.36,4.61,1.7495735740661624
856,6.24,4.59,1.6505386734008791
857,6.24,4.57,1.6709959411621096
858,6.08,4.55,1.5329194831848145
859,6.0,4.53,1.4739165306091309
860,5.96,4.51,1.4507736778259277
861,5.88,4.5,1.381084804534912
862,5.8,4.5,1.303733158111572
863,5.72,4.51,1.2137386512756345
864,5.68,4.53,1.1470591354370114
865,5.6,4.57,1.0323792457580563
866,5.64,4.6,1.0357147598266598
867,5.6,4.64,0.9557338714599606
868,5.64,4.69,0.954554691314697
869,5.64,4.72,0.915130748748779
870,5.64,4.76,0.8799353981018063
871,5.6,4.79,0.8054419517517086
872,5.52,4.83,0.6923599433898922
873,5.44,4.86,0.582668724060059
874,5.4,4.88,0.5181321144104007
875,5.36,4.91,0.45468269348144563
876,5.32,4.93,0.38754207611084013
877,5.28,4.97,0.31341531753540064
878,5.24,5.01,0.2310106658935549
